Name,Synonym,Mol. form.,CAS Reg. No.,Mol. wt.,ΔhydH∞/kJ mol-1 ,kcal/mol
Acenaphthene,"1,2-Dihydroacenaphthylene",C12H10 ,83-32-9,154.207,-52.1,-12.4522126
Acetic acid,Ethanoic acid,C2H4O2 ,64-19-7,60.052,-52.8,-12.6195168
Acetone,2-Propanone,C3H6O ,67-64-1,58.079,-39.7,-9.4885382
Acetonitrile,Methyl cyanide,C2H3N ,75-05-8,41.052,-34.9,-8.3413094
Acetophenone,Methyl phenyl ketone,C8H8O ,98-86-2,120.149,-53.3,-12.7390198
Ammonia,R-717,H3N ,7664-41-7,17.031,-35.4,-8.4608124
Aniline,Benzenamine,C6H7N ,62-53-3,93.127,-56.5,-13.503839
Anisole,Methoxybenzene,C7H8O ,100-66-3,108.138,-41.4,-9.8948484
Benzaldehyde,Benzenecarboxaldehyde,C7H6O ,100-52-7,106.122,-42.1,-10.0621526
Benzene,[6]Annulene,C6H6 ,71-43-2,78.112,-28.1,-6.7160686
Benzonitrile,Phenyl cyanide,C7H5N ,100-47-0,103.122,-48.5,-11.591791
Benzyl alcohol,Benzenemethanol,C7H8O ,100-51-6,108.138,-66.9,-15.9895014
Biphenyl,Diphenyl,C12H10 ,92-52-4,154.207,-47.2,-11.2810832
Bromobenzene,Phenyl bromide,C6H5Br ,108-86-1,157.008,-33.5,-8.006701
Bromodichloromethane,,CHBrCl2 ,75-27-4,163.829,-28.9,-6.9072734
Bromoethane,Ethyl bromide,C2H5Br ,74-96-4,108.965,-29.5,-7.050677
Bromomethane,Methyl bromide,CH3Br ,74-83-9,94.939,-23.8,-5.6883428
2-Bromo-2-methylpropane,tert-Butyl bromide ,C4H9Br ,507-19-7,137.018,-25.4,-6.0707524
"1,3-Butadiene",Divinyl,C4H6 ,106-99-0,54.091,-31.4,-7.5047884
Butane,,C4H10 ,106-97-8,58.122,-24.8,-5.9273488
"1,4-Butanediamine",Putrescine,C4H12N2 ,110-60-1,88.151,-91.6,-21.8929496
"1,4-Butanediol",Tetramethylene glycol,C4H10O2 ,110-63-4,90.121,-89.6,-21.4149376
Butanenitrile,Propyl cyanide,C4H7N ,109-74-0,69.106,-42.1,-10.0621526
"1,2,3,4-Butanetetrol",Erythritol,C4H10O4 ,149-32-6,122.120,-114,-27.246684
1-Butanethiol,Butyl mercaptan,C4H10S ,109-79-5,90.187,-36.3,-8.6759178
Butanoic acid,Butyric acid,C4H8O2 ,107-92-6,88.106,-59.5,-14.220857
1-Butanol,Butyl alcohol,C4H10O ,71-36-3,74.121,-61.9,-14.7944714
2-Butanol,sec-Butyl alcohol ,C4H10O ,78-92-2,74.121,-62.7,-14.9856762
2-Butanone,Methyl ethyl ketone,C4H8O ,78-93-3,72.106,-41.9,-10.0143514
1-Butene,1-Butylene,C4H8 ,106-98-9,56.107,-24.1,-5.7600446
2-Butoxyethanol,Ethylene glycol monobutyl ether,C6H14O2 ,111-76-2,118.174,-73.6,-17.5908416
Butyl acetate,,C6H12O2 ,123-86-4,116.158,-52.7,-12.5956162
sec-Butyl acetate ,1-Methylpropyl acetate,C6H12O2 ,105-46-4,116.158,-51.9,-12.4044114
tert-Butyl acetate ,,C6H12O2 ,540-88-5,116.158,-46.2,-11.0420772
Butylamine,1-Butanamine,C4H11N ,109-73-9,73.137,-59.2,-14.1491552
sec-Butylamine ,"2-Butanamine, (±)-",C4H11N ,33966-50-6,73.137,-57.1,-13.6472426
tert-Butylamine ,2-Methyl-2-propanamine,C4H11N ,75-64-9,73.137,-59.0,-14.101354
Butylbenzene,1-Phenylbutane,C10H14 ,104-51-8,134.218,-38.5,-9.201731
Butyl butanoate,,C8H16O2 ,109-21-7,144.212,-63.5,-15.176881
Butyl ethyl ether,Ethyl butyl ether,C6H14O ,628-81-9,102.174,-48.4,-11.5678904
tert-Butyl ethyl ether ,Ethyl tert-butyl ether ,C6H14O ,637-92-3,102.174,-53.4,-12.7629204
4-tert-Butylphenol ,,C10H14O ,98-54-4,150.217,-63.8,-15.2485828
Butyl propanoate,Butyl propionate,C7H14O2 ,590-01-2,130.185,-57.8,-13.8145468
1-Butyne,Ethylacetylene,C4H6 ,107-00-6,54.091,-13.5,-3.226581
Chlorobenzene,Phenyl chloride,C6H5Cl ,108-90-7,112.557,-30.6,-7.3135836
2-Chlorobiphenyl,,C12H9Cl ,2051-60-7,188.652,-42.8,-10.2294568
1-Chlorobutane,Butyl chloride,C4H9Cl ,109-69-3,92.567,-28.2,-6.7399692
2-Chlorobutane,(±)-sec-Butyl chloride ,C4H9Cl ,53178-20-4,92.567,-34.6,-8.2696076
Chlorodibromomethane,,CHBr2Cl ,124-48-1,208.280,-33.3,-7.9588998
Chlorodifluoromethane,HCFC-22,CHClF2 ,75-45-6,86.469,-22.8,-5.4493368
"2-Chloro-2-(difluoromethoxy)-1,1,1-trifluoroethane",Isoflurane (HCFE-235da2),C3H2ClF5O ,26675-46-7,184.492,-35.3,-8.4369118
Chloroethane,Ethyl chloride,C2H5Cl ,75-00-3,64.514,-22.0,-5.258132
Chlorofluoromethane,HCFC-31,CH2ClF ,593-70-4,68.478,-21.7,-5.1864302
1-Chlorohexane,Hexyl chloride,C6H13Cl ,544-10-5,120.620,-34.5,-8.245707
Chloromethane,Methyl chloride,CH3Cl ,74-87-3,50.488,-20.2,-4.8279212
1-Chloropentane,Pentyl chloride,C5H11Cl ,543-59-9,106.594,-34.1,-8.1501046
3-Chlorophenol,,C6H5ClO ,108-43-0,128.556,-50.3,-12.0220018
1-Chloropropane,Propyl chloride,C3H7Cl ,540-54-5,78.541,-27.0,-6.453162
2-Chloropyridine,,C5H4ClN ,109-09-1,113.546,-42.6,-10.1816556
3-Chloropyridine,,C5H4ClN ,626-60-8,113.546,-46.2,-11.0420772
2-Chlorotoluene,1-Chloro-2-methylbenzene,C7H7Cl ,95-49-8,126.584,-38.3,-9.1539298
3-Chlorotoluene,1-Chloro-3-methylbenzene,C7H7Cl ,108-41-8,126.584,-37.0,-8.843222
4-Chlorotoluene,1-Chloro-4-methylbenzene,C7H7Cl ,106-43-4,126.584,-33.3,-7.9588998
o-Cresol ,2-Methylphenol,C7H8O ,95-48-7,108.138,-64.8,-15.4875888
m-Cresol ,3-Methylphenol,C7H8O ,108-39-4,108.138,-58.7,-14.0296522
p-Cresol ,4-Methylphenol,C7H8O ,106-44-5,108.138,-61.3,-14.6510678
Cycloheptanol,,C7H14O ,502-41-0,114.185,-74.6,-17.8298476
Cyclohexane,Hexahydrobenzene,C6H12 ,110-82-7,84.159,-30.0,-7.17018
"cis-1,2-Cyclohexanediol ",,C6H12O2 ,1792-81-0,116.158,-82.4,-19.6940944
Cyclohexanol,Cyclohexyl alcohol,C6H12O ,108-93-0,100.158,-70.7,-16.8977242
Cyclohexanone,Pimelic ketone,C6H10O ,108-94-1,98.142,-49.8,-11.9024988
Cyclohexene,Tetrahydrobenzene,C6H10 ,110-83-8,82.143,-27.3,-6.5248638
Cyclooctane,,C8H16 ,292-64-8,112.213,-39.0,-9.321234
cis-Cyclooctene ,,C8H14 ,931-87-3,110.197,-45.5,-10.874773
Cyclopentane,Pentamethylene,C5H10 ,287-92-3,70.133,-30.3,-7.2418818
Cyclopentanol,Cyclopentyl alcohol,C5H10O ,96-41-3,86.132,-58.5,-13.981851
Cyclopentanone,Adipic ketone,C5H8O ,120-92-3,84.117,-44.3,-10.5879658
Cyclopropane,Trimethylene,C3H6 ,75-19-4,42.080,-15.4,-3.6806924
Dibromomethane,Methylene bromide,CH2Br2 ,74-95-3,173.835,-33.0,-7.887198
Dibutylamine,N-Butylbutanamine ,C8H19N ,111-92-2,129.244,-59.3,-14.1730558
Dibutyl ether,Butyl ether,C8H18O ,142-96-1,130.228,-55.8,-13.3365348
o-Dichlorobenzene ,"1,2-Dichlorobenzene",C6H4Cl2 ,95-50-1,147.002,-37.3,-8.9149238
m-Dichlorobenzene ,"1,3-Dichlorobenzene",C6H4Cl2 ,541-73-1,147.002,-35.3,-8.4369118
p-Dichlorobenzene ,"1,4-Dichlorobenzene",C6H4Cl2 ,106-46-7,147.002,-28.4,-6.7877704
"2,3-Dichloro-1,1'-biphenyl",,C12H8Cl2 ,16605-91-7,223.098,-45.6,-10.8986736
"2,4-Dichloro-1,1'-biphenyl",,C12H8Cl2 ,33284-50-3,223.098,-43.0,-10.277258
"2,5-Dichlorobiphenyl",,C12H8Cl2 ,34883-39-1,223.098,-45.6,-10.8986736
"2,4'-Dichloro-1,1'-biphenyl",,C12H8Cl2 ,34883-43-7,223.098,-44.2,-10.5640652
Dichlorodifluoromethane,CFC-12,CCl2F2 ,75-71-8,120.914,-26.0,-6.214156
"2,2-Dichloro-1,1-difluoro-1-methoxyethane",Methoxyflurane,C3H4Cl2F2O ,76-38-0,164.966,-30.4,-7.2657824
"1,1-Dichloroethane",Ethylidene dichloride,C2H4Cl2 ,75-34-3,98.959,-30.3,-7.2418818
"1,2-Dichloroethane",Ethylene dichloride,C2H4Cl2 ,107-06-2,98.959,-27.9,-6.6682674
"1,1-Dichloroethene",Vinylidene chloride,C2H2Cl2 ,75-35-4,96.943,-28.5,-6.811671
"cis-1,2-Dichloroethene ","cis-1,2-Dichloroethylene ",C2H2Cl2 ,156-59-2,96.943,-26.9,-6.4292614
"(E)-1,2-Dichloroethene","trans-1,2-Dichloroethylene ",C2H2Cl2 ,156-60-5,96.943,-29.3,-7.0028758
Dichloromethane,Methylene chloride,CH2Cl2 ,75-09-2,84.933,-30.3,-7.2418818
"1,2-Dichloropropane, (±)-",Propylene dichloride,C3H6Cl2 ,78-87-5,112.986,-31.1,-7.4330866
"1,3-Dichloropropane",,C3H6Cl2 ,142-28-9,112.986,-29.7,-7.0984782
"1,2-Dichloro-1,1,2,2-tetrafluoroethane",CFC-114,C2Cl2F4 ,76-14-2,170.921,-20.2,-4.8279212
"1,2-Diethoxyethane",Ethylene glycol diethyl ether,C6H14O2 ,629-14-1,118.174,-71.9,-17.1845314
Diethylamine,N-Ethylethanamine ,C4H11N ,109-89-7,73.137,-64.3,-15.3680858
"N,N-Diethylaniline ",,C10H15N ,91-66-7,149.233,-45.7,-10.9225742
p-Diethylbenzene ,"1,4-Diethylbenzene",C10H14 ,105-05-5,134.218,-46.4,-11.0898784
Diethylene glycol dimethyl ether,Diglyme,C6H14O3 ,111-96-6,134.173,-96.2,-22.9923772
Diethyl ether,Ethyl ether,C4H10O ,60-29-7,74.121,-46.4,-11.0898784
Diethyl sulfide,Ethyl sulfide,C4H10S ,352-93-2,90.187,-40.2,-9.6080412
"1,1-Difluoroethane",HFC-152a,C2H4F2 ,75-37-6,66.050,-20.7,-4.9474242
Difluoromethane,HFC-32,CH2F2 ,75-10-5,52.024,-17.2,-4.1109032
Diiodomethane,Methylene iodide,CH2I2 ,75-11-6,267.836,-41.6,-9.9426496
Diisopropyl ether,Isopropyl ether,C6H14O ,108-20-3,102.174,-51.7,-12.3566102
"1,2-Dimethoxyethane",Ethylene glycol dimethyl ether,C4H10O2 ,110-71-4,90.121,-59.3,-14.1730558
Dimethylamine,N-Methylmethanamine ,C2H7N ,124-40-3,45.084,-53.1,-12.6912186
"2,4-Dimethylaniline","2,4-Xylidine",C8H11N ,95-68-1,121.180,-58.7,-14.0296522
"2,5-Dimethylaniline","2,5-Xylidine",C8H11N ,95-78-3,121.180,-61.5,-14.698869
"2,6-Dimethylaniline","2,6-Xylidine",C8H11N ,87-62-7,121.180,-60.5,-14.459863
"N,N-Dimethylaniline ","N,N-Dimethylbenzenamine ",C8H11N ,121-69-7,121.180,-49.6,-11.8546976
"2,3-Dimethylbutane",Diisopropyl,C6H14 ,79-29-8,86.175,-32.4,-7.7437944
"3,3-Dimethyl-2-butanone",Pinacolone,C6H12O ,75-97-8,100.158,-47.5,-11.352785
"cis-1,2-Dimethylcyclohexane ",,C8H16 ,2207-01-4,112.213,-38.3,-9.1539298
"trans-1,2-Dimethylcyclohexane ",,C8H16 ,6876-23-9,112.213,-36.1,-8.6281166
Dimethyl ether,Methyl ether,C2H6O ,115-10-6,46.068,-34.0,-8.126204
"N,N-Dimethylformamide ",DMF,C3H7NO ,68-12-2,73.094,-62.9,-15.0334774
"2,4-Dimethyl-3-pentanone",Diisopropyl ketone,C7H14O ,565-80-0,114.185,-54.0,-12.906324
"2,3-Dimethylpyridine","2,3-Lutidine",C7H9N ,583-61-9,107.153,-57.7,-13.7906462
"2,4-Dimethylpyridine","2,4-Lutidine",C7H9N ,108-47-4,107.153,-60.7,-14.5076642
"2,5-Dimethylpyridine","2,5-Lutidine",C7H9N ,589-93-5,107.153,-54.9,-13.1214294
"2,6-Dimethylpyridine","2,6-Lutidine",C7H9N ,108-48-5,107.153,-52.3,-12.5000138
"3,4-Dimethylpyridine","3,4-Lutidine",C7H9N ,583-58-4,107.153,-50.5,-12.069803
"3,5-Dimethylpyridine","3,5-Lutidine",C7H9N ,591-22-0,107.153,-51.3,-12.2610078
Dimethyl sulfide,2-Thiapropane,C2H6S ,75-18-3,62.134,-31.5,-7.528689
Dimethyl sulfoxide,DMSO,C2H6OS ,67-68-5,78.133,-71.9,-17.1845314
"2,5-Dimethyltetrahydrofuran",,C6H12O ,1003-38-9,100.158,-56.3,-13.4560378
"1,4-Dioxane","1,4-Dioxacyclohexane",C4H8O2 ,123-91-1,88.106,-48.4,-11.5678904
"1,2-Dipropoxyethane",,C8H18O2 ,18854-56-3,146.228,-76.8,-18.3556608
Dipropylamine,N-Propyl-1-propanamine ,C6H15N ,142-84-7,101.190,-65.2,-15.5831912
Dipropyl ether,Propyl ether,C6H14O ,111-43-3,102.174,-49.9,-11.9263994
Dipropyl sulfide,,C6H14S ,111-47-7,118.240,-47.7,-11.4005862
1-Dodecanol,Lauryl alcohol,C12H26O ,112-53-8,186.333,-81.9,-19.5745914
Ethane,,C2H6 ,74-84-0,30.069,-17.9,-4.2782074
"1,2-Ethanediamine",Ethylenediamine,C2H8N2 ,107-15-3,60.098,-76.1,-18.1883566
"1,2-Ethanediol",Ethylene glycol,C2H6O2 ,107-21-1,62.068,-77.3,-18.4751638
Ethanethiol,Ethyl mercaptan,C2H6S ,75-08-1,62.134,-28.9,-6.9072734
Ethanol,Ethyl alcohol,C2H6O ,64-17-5,46.068,-50.6,-12.0937036
2-Ethoxyethanol,Ethylene glycol monoethyl ether,C4H10O2 ,110-80-5,90.121,-66.4,-15.8699984
1-Ethoxy-2-methoxyethane,,C5H12O2 ,5137-45-1,104.148,-66.1,-15.7982966
Ethyl acetate,,C4H8O2 ,141-78-6,88.106,-45.3,-10.8269718
Ethylamine,Ethanamine,C2H7N ,75-04-7,45.084,-53.7,-12.8346222
2-Ethylaniline,,C8H11N ,578-54-1,121.180,-59.7,-14.2686582
4-Ethylaniline,,C8H11N ,589-16-2,121.180,-65.0,-15.53539
Ethylbenzene,Phenylethane,C8H10 ,100-41-4,106.165,-39.4,-9.4168364
Ethyl butanoate,Ethyl butyrate,C6H12O2 ,105-54-4,116.158,-52.7,-12.5956162
Ethylcyclohexane,,C8H16 ,1678-91-7,112.213,-36.8,-8.7954208
"Ethyl 2,2-dimethylpropanoate",Ethyl trimethylacetate,C7H14O2 ,3938-95-2,130.185,-50.3,-12.0220018
Ethylene,Ethene,C2H4 ,74-85-1,28.053,-13.7,-3.2743822
Ethyl formate,,C3H6O2 ,109-94-4,74.079,-38.1,-9.1061286
Ethyl hexanoate,,C8H16O2 ,123-66-0,144.212,-60.2,-14.3881612
Ethyl 2-methylbutanoate,,C7H14O2 ,7452-79-1,130.185,-55.4,-13.2409324
Ethyl 3-methylbutanoate,Ethyl isovalerate,C7H14O2 ,108-64-5,130.185,-56.0,-13.384336
Ethyl 2-methylpropanoate,Ethyl isobutanoate,C6H12O2 ,97-62-1,116.158,-51.3,-12.2610078
Ethyl pentanoate,Ethyl valerate,C7H14O2 ,539-82-2,130.185,-56.5,-13.503839
Ethyl propanoate,Ethyl propionate,C5H10O2 ,105-37-3,102.132,-49.5,-11.830797
2-Ethylpyridine,,C7H9N ,100-71-0,107.153,-55.7,-13.3126342
3-Ethylpyridine,,C7H9N ,536-78-7,107.153,-53.5,-12.786821
4-Ethylpyridine,,C7H9N ,536-75-4,107.153,-52.2,-12.4761132
9H-Fluorene ,"2,2'-Methylenebiphenyl",C13H10 ,86-73-7,166.218,-42.7,-10.2055562
Fluorobenzene,Phenyl fluoride,C6H5F ,462-06-6,96.102,-29.3,-7.0028758
Fluoromethane,Methyl fluoride,CH3F ,593-53-3,34.033,-16.1,-3.8479966
Glycerol,"1,2,3-Propanetriol",C3H8O3 ,56-81-5,92.094,-103.5,-24.737121
"1,1,1,2,3,3,3-Heptafluoropropane",HFC-227ea,C3HF7 ,431-89-0,170.029,-24.8,-5.9273488
Heptanal,Heptaldehyde,C7H14O ,111-71-7,114.185,-56.6,-13.5277396
Heptane,,C7H16 ,142-82-5,100.202,-34.0,-8.126204
1-Heptanol,Heptyl alcohol,C7H16O ,111-70-6,116.201,-72.1,-17.2323326
"2-Heptanol, (±)-",,C7H16O ,52390-72-4,116.201,-72.6,-17.3518356
4-Heptanol,Dipropylcarbinol,C7H16O ,589-55-9,116.201,-75.3,-17.9971518
2-Heptanone,Methyl pentyl ketone,C7H14O ,110-43-0,114.185,-54.9,-13.1214294
4-Heptanone,Dipropyl ketone,C7H14O ,123-19-3,114.185,-58.1,-13.8862486
"1,1,1,3,3,3-Hexafluoro-2-propanol",,C3H2F6O ,920-66-1,168.037,-57.1,-13.6472426
Hexanal,Caproaldehyde,C6H12O ,66-25-1,100.158,-55.2,-13.1931312
Hexane,,C6H14 ,110-54-3,86.175,-31.9,-7.6242914
Hexanedinitrile,Adiponitrile,C6H8N2 ,111-69-3,108.141,-66.6,-15.9177996
1-Hexanol,Caproyl alcohol,C6H14O ,111-27-3,102.174,-67.4,-16.1090044
3-Hexanol,,C6H14O ,17015-11-1,102.174,-69.6,-16.6348176
2-Hexanone,Butyl methyl ketone,C6H12O ,591-78-6,100.158,-48.9,-11.6873934
3-Hexanone,Ethyl propyl ketone,C6H12O ,589-38-8,100.158,-46.0,-10.994276
1-Hexene,,C6H12 ,592-41-6,84.159,-30.4,-7.2657824
Hexyl acetate,,C8H16O2 ,142-92-7,144.212,-60.8,-14.5315648
Hexylamine,1-Hexanamine,C6H15N ,111-26-2,101.190,-65.9,-15.7504954
Hexylbenzene,,C12H18 ,1077-16-3,162.271,-52.7,-12.5956162
3-Hydroxybenzaldehyde,3-Formylphenol,C7H6O2 ,100-83-4,122.122,-70.7,-16.8977242
3-Hydroxybenzonitrile,,C7H5NO ,873-62-1,119.121,-70.7,-16.8977242
4-Hydroxybenzonitrile,,C7H5NO ,767-00-0,119.121,-70.3,-16.8021218
Iodoethane,Ethyl iodide,C2H5I ,75-03-6,155.965,-31.7,-7.5764902
Iodomethane,Methyl iodide,CH3I ,74-88-4,141.939,-28.2,-6.7399692
1-Iodopropane,Propyl iodide,C3H7I ,107-08-4,169.992,-35.3,-8.4369118
2-Iodopropane,Isopropyl iodide,C3H7I ,75-30-9,169.992,-36.6,-8.7476196
Isobutanal,2-Methyl-1-propanal,C4H8O ,78-84-2,72.106,-40.0,-9.56024
Isobutane,2-Methylpropane,C4H10 ,75-28-5,58.122,-21.7,-5.1864302
Isobutene,2-Methyl-1-propene,C4H8 ,115-11-7,56.107,-22.7,-5.4254362
Isobutyl acetate,2-Methylpropyl acetate,C6H12O2 ,110-19-0,116.158,-51.8,-12.3805108
Isobutyl formate,2-Methylpropyl formate,C5H10O2 ,542-55-2,102.132,-43.0,-10.277258
Isobutyl isobutanoate,,C8H16O2 ,97-85-8,144.212,-55.3,-13.2170318
Isobutyl propanoate,Isobutyl propionate,C7H14O2 ,540-42-1,130.185,-54.7,-13.0736282
Isopentyl acetate,Isoamyl acetate,C7H14O2 ,123-92-2,130.185,-53.8,-12.8585228
Isopentyl formate,,C6H12O2 ,110-45-2,116.158,-47.7,-11.4005862
Isophorone,"3,5,5-Trimethyl-2-cyclohexen-1-one",C9H14O ,78-59-1,138.206,-59.1,-14.1252546
Isopropyl acetate,1-Methylethyl acetate,C5H10O2 ,108-21-4,102.132,-46.8,-11.1854808
Isopropylamine,2-Propanamine,C3H9N ,75-31-0,59.110,-55.0,-13.14533
Isopropylbenzene,Cumene,C9H12 ,98-82-8,120.191,-33.7,-8.0545022
Isopropyl formate,,C4H8O2 ,625-55-8,88.106,-43.0,-10.277258
1-Isopropyl-4-methylbenzene,p-Cymene ,C10H14 ,99-87-6,134.218,-34.6,-8.2696076
Methane,,CH4 ,74-82-8,16.043,-12.0,-2.868072
Methanethiol,Methyl mercaptan,CH4S ,74-93-1,48.108,-24.4,-5.8317464
Methanol,Methyl alcohol,CH4O ,67-56-1,32.042,-52.0,-12.428312
2-Methoxyethanol,Ethylene glycol monomethyl ether,C3H8O2 ,109-86-4,76.095,-60.4,-14.4359624
2-Methoxy-2-methylbutane,Methyl tert-pentyl ether ,C6H14O ,994-05-8,102.174,-52.5,-12.547815
2-Methoxyphenol,Guaiacol,C7H8O2 ,90-05-1,124.138,-62.6,-14.9617756
Methyl acetate,,C3H6O2 ,79-20-9,74.079,-40.1,-9.5841406
Methylamine,Methanamine,CH5N ,74-89-5,31.058,-45.3,-10.8269718
Methyl benzoate,Methyl benzenecarboxylate,C8H8O2 ,93-58-3,136.149,-50.3,-12.0220018
Methyl butanoate,,C5H10O2 ,623-42-7,102.132,-47.5,-11.352785
3-Methyl-1-butanol,Isopentyl alcohol,C5H12O ,123-51-3,88.148,-66.0,-15.774396
2-Methyl-2-butanol,tert-Pentyl alcohol ,C5H12O ,75-85-4,88.148,-68.4,-16.3480104
3-Methyl-2-butanone,Methyl isopropyl ketone,C5H10O ,563-80-4,86.132,-57.6,-13.7667456
2-Methyl-2-butene,,C5H10 ,513-35-9,70.133,-26.6,-6.3575596
Methyl tert-butyl ether ,tert-Butyl methyl ether ,C5H12O ,1634-04-4,88.148,-48.7,-11.6395922
"Methyl 2,2-dimethylpropanoate","Methyl 2,2-dimethylpropionate",C6H12O2 ,598-98-1,116.158,-46.2,-11.0420772
Methyl formate,,C2H4O2 ,107-31-3,60.052,-32.0,-7.648192
Methyl hexanoate,Methyl caproate,C7H14O2 ,106-70-7,130.185,-54.7,-13.0736282
Methyl isobutanoate,,C5H10O2 ,547-63-7,102.132,-46.0,-10.994276
4-Methylmorpholine,,C5H11NO ,109-02-4,101.147,-68.7,-16.4197122
1-Methylnaphthalene,,C11H10 ,90-12-0,142.197,-45.0,-10.75527
2-Methylnaphthalene,,C11H10 ,91-57-6,142.197,-44.9,-10.7313694
2-Methylpentane,Isohexane,C6H14 ,107-83-5,86.175,-30.5,-7.289683
3-Methylpentane,,C6H14 ,96-14-0,86.175,-36.8,-8.7954208
Methyl pentanoate,Methyl valerate,C6H12O2 ,624-24-8,116.158,-50.4,-12.0459024
4-Methyl-2-pentanol,Methyl isobutyl carbinol,C6H14O ,108-11-2,102.174,-69.9,-16.7065194
4-Methyl-2-pentanone,Isobutyl methyl ketone,C6H12O ,108-10-1,100.158,-44.6,-10.6596676
1-Methylpiperidine,,C6H13N ,626-67-5,99.174,-65.8,-15.7265948
2-Methylpropanenitrile,Isopropyl cyanide,C4H7N ,78-82-0,69.106,-40.0,-9.56024
Methyl propanoate,Methyl propionate,C4H8O2 ,554-12-1,88.106,-44.5,-10.635767
2-Methyl-1-propanol,Isobutyl alcohol,C4H10O ,78-83-1,74.121,-60.2,-14.3881612
2-Methyl-2-propanol,tert-Butyl alcohol ,C4H10O ,75-65-0,74.121,-62.9,-15.0334774
Methyl propyl ether,1-Methoxypropane,C4H10O ,557-17-5,74.121,-38.0,-9.082228
2-Methylpyridine,2-Picoline,C6H7N ,109-06-8,93.127,-50.3,-12.0220018
3-Methylpyridine,3-Picoline,C6H7N ,108-99-6,93.127,-50.3,-12.0220018
4-Methylpyridine,4-Picoline,C6H7N ,108-89-4,93.127,-51.8,-12.3805108
N-Methylpyrrolidine ,,C5H11N ,120-94-5,85.148,-63.4,-15.1529804
2-Methyltetrahydrofuran,2-Methyloxolane,C5H10O ,96-47-9,86.132,-51.4,-12.2849084
Morpholine,"Tetrahydro-1,4-oxazine",C4H9NO ,110-91-8,87.120,-69.5,-16.610917
Naphthalene,,C10H8 ,91-20-3,128.171,-42.8,-10.2294568
Neopentane,"2,2-Dimethylpropane",C5H12 ,463-82-1,72.149,-23.4,-5.5927404
Nitric oxide,,NO,10102-43-9,30.006,-11.9,-2.8441714
Nitrobenzene,,C6H5NO2 ,98-95-3,123.110,-43.8,-10.4684628
Nitroethane,,C2H5NO2 ,79-24-3,75.067,-32.5,-7.767695
Nitromethane,Nitrocarbol,CH3NO2 ,75-52-5,61.041,-35.7,-8.5325142
2-Nitrophenol,,C6H5NO3 ,88-75-5,139.109,-49.8,-11.9024988
3-Nitrophenol,,C6H5NO3 ,554-84-7,139.109,-67.7,-16.1807062
4-Nitrophenol,,C6H5NO3 ,100-02-7,139.109,-68.6,-16.3958116
1-Nitropropane,,C3H7NO2 ,108-03-2,89.094,-34.4,-8.2218064
2-Nitropropane,Isonitropropane,C3H7NO2 ,79-46-9,89.094,-34.1,-8.1501046
2-Nitrotoluene,1-Methyl-2-nitrobenzene,C7H7NO2 ,88-72-2,137.137,-46.4,-11.0898784
3-Nitrotoluene,1-Methyl-3-nitrobenzene,C7H7NO2 ,99-08-1,137.137,-38.5,-9.201731
Nitrous oxide,,N2O ,10024-97-2,44.012,-19.8,-4.7323188
2-Nonanone,Heptyl methyl ketone,C9H18O ,821-55-6,142.238,-65.3,-15.6070918
5-Nonanone,Dibutyl ketone,C9H18O ,502-56-7,142.238,-62.8,-15.0095768
Octanal,Caprylic aldehyde,C8H16O ,124-13-0,128.212,-48.8,-11.6634928
Octane,,C8H18 ,111-65-9,114.229,-36.0,-8.604216
1-Octanol,Capryl alcohol,C8H18O ,111-87-5,130.228,-74.1,-17.7103446
2-Octanone,Hexyl methyl ketone,C8H16O ,111-13-7,128.212,-58.3,-13.9340498
1-Octene,Caprylene,C8H16 ,111-66-0,112.213,-39.2,-9.3690352
Octylamine,1-Octanamine,C8H19N ,111-86-4,129.244,-52.3,-12.5000138
Pentachlorobenzene,,C6HCl5 ,608-93-5,250.337,-39.9,-9.5363394
Pentafluoroethane,HFC-125,C2HF5 ,354-33-6,120.021,-21.5,-5.138629
"2,2,3,3,3-Pentafluoro-1-propanol",,C3H3F5O ,422-05-9,150.047,-51.9,-12.4044114
Pentanal,Valeraldehyde,C5H10O ,110-62-3,86.132,-42.9,-10.2533574
Pentane,,C5H12 ,109-66-0,72.149,-28.3,-6.7638698
"1,5-Pentanediamine",Cadaverine,C5H14N2 ,462-94-2,102.178,-95.1,-22.7294706
Pentanedinitrile,Glutaronitrile,C5H6N2 ,544-13-8,94.115,-63.5,-15.176881
Pentanenitrile,Valeronitrile,C5H9N ,110-59-8,83.132,-45.6,-10.8986736
1-Pentanol,Amyl alcohol,C5H12O ,71-41-0,88.148,-61.9,-14.7944714
2-Pentanol,sec-Amyl alcohol ,C5H12O ,6032-29-7,88.148,-63.3,-15.1290798
3-Pentanol,Diethyl carbinol,C5H12O ,584-02-1,88.148,-59.6,-14.2447576
2-Pentanone,Methyl propyl ketone,C5H10O ,107-87-9,86.132,-45.3,-10.8269718
3-Pentanone,Diethyl ketone,C5H10O ,96-22-0,86.132,-49.6,-11.8546976
Pentyl acetate,Amyl acetate,C7H14O2 ,628-63-7,130.185,-55.3,-13.2170318
Pentylamine,Amylamine,C5H13N ,110-58-7,87.164,-62.1,-14.8422726
Pentylbenzene,Amylbenzene,C11H16 ,538-68-1,148.245,-49.5,-11.830797
Pentyl formate,Amyl formate,C6H12O2 ,638-49-3,116.158,-48.1,-11.4961886
Hexafluoropropene,Perfluoropropene,C3F6 ,116-15-4,150.022,-17.4,-4.1587044
Phenol,Hydroxybenzene,C6H6O ,108-95-2,94.111,-57.7,-13.7906462
1-Phenyl-1-propanone,Propiophenone,C9H10O ,93-55-0,134.174,-61.9,-14.7944714
Piperidine,Azacyclohexane,C5H11N ,110-89-4,85.148,-65.4,-15.6309924
Propanal,Propionaldehyde,C3H6O ,123-38-6,58.079,-39.4,-9.4168364
Propanamide,Propionamide,C3H7NO ,79-05-0,73.094,-73.4,-17.5430404
Propane,LPG,C3H8 ,74-98-6,44.096,-20.4,-4.8757224
"1,3-Propanediamine","1,3-Diaminopropane",C3H10N2 ,109-76-2,74.124,-85.6,-20.4589136
"1,3-Propanediol","1,3-Propylene glycol",C3H8O2 ,504-63-2,76.095,-81.1,-19.3833866
Propanenitrile,Ethyl cyanide,C3H5N ,107-12-0,55.079,-39.5,-9.440737
1-Propanethiol,Propyl mercaptan,C3H8S ,107-03-9,76.161,-30.2,-7.2179812
Propanoic acid,Propionic acid,C3H6O2 ,79-09-4,74.079,-56.5,-13.503839
1-Propanol,Propyl alcohol,C3H8O ,71-23-8,60.095,-59.9,-14.3164594
2-Propanol,Isopropyl alcohol,C3H8O ,67-63-0,60.095,-58.2,-13.9101492
Propene,Propylene,C3H6 ,115-07-1,42.080,-21.6,-5.1625296
2-Propoxyethanol,Ethylene glycol monopropyl ether,C5H12O2 ,2807-30-9,104.148,-69.6,-16.6348176
Propyl acetate,,C5H10O2 ,109-60-4,102.132,-48.7,-11.6395922
Propylamine,1-Propanamine,C3H9N ,107-10-8,59.110,-56.0,-13.384336
Propylbenzene,Isocumene,C9H12 ,103-65-1,120.191,-36.4,-8.6998184
Propyl butanoate,,C7H14O2 ,105-66-8,130.185,-54.9,-13.1214294
Propyl formate,,C4H8O2 ,110-74-7,88.106,-40.5,-9.679743
Propyl propanoate,Propyl propionate,C6H12O2 ,106-36-5,116.158,-51.2,-12.2371072
Propyne,Methylacetylene,C3H4 ,74-99-7,40.064,-15.6,-3.7284936
Pyridine,Azine,C5H5N ,110-86-1,79.101,-42.1,-10.0621526
Quinoline,1-Azanaphthalene,C9H7N ,91-22-5,129.159,-58.2,-13.9101492
Styrene,Vinylbenzene,C8H8 ,100-42-5,104.150,-28.4,-6.7877704
Succinonitrile,Butanedinitrile,C4H4N2 ,110-61-2,80.088,-58.2,-13.9101492
"1,2,3,4-Tetrachlorobenzene",,C6H2Cl4 ,634-66-2,215.892,-35.0,-8.36521
"1,1,1,2-Tetrachloroethane",,C2H2Cl4 ,630-20-6,167.849,-36.2,-8.6520172
"1,1,2,2-Tetrachloroethane",Acetylene tetrachloride,C2H2Cl4 ,79-34-5,167.849,-34.8,-8.3174088
Tetrachloroethene,Perchloroethylene,C2Cl4 ,127-18-4,165.833,-41.5,-9.918749
Tetrachloromethane,Carbon tetrachloride,CCl4 ,56-23-5,153.823,-30.5,-7.289683
Tetraethylene glycol dimethyl ether,,C10H22O5 ,143-24-8,222.279,-126,-30.114756
"1,1,1,2-Tetrafluoroethane",HFC-134a,C2H2F4 ,811-97-2,102.031,-22.2,-5.3059332
Tetrafluoroethene,Tetrafluoroethylene,C2F4 ,116-14-3,100.015,-15.1,-3.6089906
Tetrafluoromethane,Carbon tetrafluoride,CF4 ,75-73-0,88.005,-13.5,-3.226581
"2,2,3,3-Tetrafluoro-1-propanol",,C3H4F4O ,76-37-9,132.057,-57.9,-13.8384474
Tetrahydrofuran,Tetramethylene oxide,C4H8O ,109-99-9,72.106,-47.3,-11.3049838
Tetrahydropyran,Oxane,C5H10O ,142-68-7,86.132,-48.9,-11.6873934
Thiophene,Thiofuran,C4H4S ,110-02-1,84.140,-29.9,-7.1462794
Toluene,Methylbenzene,C7H8 ,108-88-3,92.139,-32.4,-7.7437944
Tribromomethane,Bromoform,CHBr3 ,75-25-2,252.731,-35.8,-8.5564148
"1,2,3-Trichlorobenzene",,C6H3Cl3 ,87-61-6,181.447,-32.6,-7.7915956
"1,3,5-Trichlorobenzene",,C6H3Cl3 ,108-70-3,181.447,-34.2,-8.1740052
"1,1,1-Trichloroethane",Methyl chloroform,C2H3Cl3 ,71-55-6,133.404,-28.7,-6.8594722
"1,1,2-Trichloroethane",Vinyl trichloride,C2H3Cl3 ,79-00-5,133.404,-32.5,-7.767695
Trichloroethene,Trichloroethylene,C2HCl3 ,79-01-6,131.388,-32.2,-7.6959932
Trichlorofluoromethane,CFC-11,CCl3F ,75-69-4,137.368,-19.8,-4.7323188
Trichloromethane,Chloroform,CHCl3 ,67-66-3,119.378,-33.5,-8.006701
"1,1,2-Trichloro-1,2,2-trifluoroethane",CFC-113,C2Cl3F3 ,76-13-1,187.375,-28.8,-6.8833728
Triethylamine,"N,N-Diethylethanamine ",C6H15N ,121-44-8,101.190,-69.7,-16.6587182
Triethylene glycol dimethyl ether,Triglyme,C8H18O4 ,112-49-2,178.227,-102.4,-24.4742144
"2,2,2-Trifluoroethanol",,C2H3F3O ,75-89-8,100.039,-50.2,-11.9981012
Trifluoromethane,HFC-23,CHF3 ,75-46-7,70.014,-22.6,-5.4015356
"1,1,1-Trifluoro-2-propanol, (±)-",,C3H5F3O ,17556-48-8,114.066,-53.5,-12.786821
Trimethylamine,"N,N-Dimethylmethanamine ",C3H9N ,75-50-3,59.110,-52.7,-12.5956162
"1,2,3-Trimethylbenzene",Hemimellitene,C9H12 ,526-73-8,120.191,-37.4,-8.9388244
"1,2,4-Trimethylbenzene",Pseudocumene,C9H12 ,95-63-6,120.191,-36.6,-8.7476196
"1,3,5-Trimethylbenzene",Mesitylene,C9H12 ,108-67-8,120.191,-39.1,-9.3451346
"2,2,4-Trimethylpentane",Isooctane,C8H18 ,540-84-1,114.229,-31.0,-7.409186
"2,3,4-Trimethylpentane",,C8H18 ,565-75-3,114.229,-38.5,-9.201731
o-Xylene ,"1,2-Dimethylbenzene",C8H10 ,95-47-6,106.165,-37.7,-9.0105262
m-Xylene ,"1,3-Dimethylbenzene",C8H10 ,108-38-3,106.165,-38.6,-9.2256316
p-Xylene ,"1,4-Dimethylbenzene",C8H10 ,106-42-3,106.165,-34.8,-8.3174088